{"nDCG": {"LM Dirichlet": {"ndcg": 0.4573369727327457, "ratings": [0, 0, 1, 0, 2, 0, 0, 0, 0, 0]}, "IB": {"ndcg": 0.6309297535714575, "ratings": [0, 3, 0, 0, 0, 0, 0, 0, 0, 0]}, "bm25": {"ndcg": 0, "ratings": [0, 0, 0, 0, 0, 0, 0, 0, 0, 0]}, "RRF": {"ndcg": 0.3154648767857287, "ratings": [0, 0, 0, 0, 0, 0, 0, 2, 0, 0]}}}