{"nDCG": {"LM Dirichlet": {"ndcg": 0.2890648263178878, "ratings": [0, 0, 0, 0, 0, 0, 0, 0, 0, 2]}, "IB": {"ndcg": 0.3010299956639812, "ratings": [0, 0, 0, 0, 0, 0, 0, 0, 1, 0]}, "bm25": {"ndcg": 0.43067655807339306, "ratings": [0, 0, 0, 3, 0, 0, 0, 0, 0, 0]}, "RRF": {"ndcg": 0, "ratings": [0, 0, 0, 0, 0, 0, 0, 0, 0, 0]}}}