{"nDCG": {"LM Dirichlet": {"ndcg": 0, "ratings": [0, 0, 0, 0, 0, 0, 0, 0, 0, 0]}, "IB": {"ndcg": 0.2890648263178878, "ratings": [0, 0, 0, 0, 0, 0, 0, 0, 0, 3]}, "bm25": {"ndcg": 0.38685280723454163, "ratings": [0, 0, 0, 0, 3, 0, 0, 0, 0, 0]}, "RRF": {"ndcg": 0, "ratings": [0, 0, 0, 0, 0, 0, 0, 0, 0, 0]}}}