{"nDCG": {"LM Dirichlet": {"ndcg": 0.2890648263178878, "ratings": [0, 0, 0, 0, 0, 0, 0, 0, 0, 2]}, "IB": {"ndcg": 0.33998936616905007, "ratings": [0, 0, 0, 0, 0, 0, 2, 0, 0, 3]}, "bm25": {"ndcg": 0, "ratings": [0, 0, 0, 0, 0, 0, 0, 0, 0, 0]}, "RRF": {"ndcg": 0.40767445412984865, "ratings": [0, 0, 0, 2, 0, 0, 3, 0, 0, 0]}}}